"state","stage_formula","features_formula","regions_formula","invalid_formula","has_offset_file_formula","nonzero_offsets_formula","mean_offset_m_formula","max_offset_m_formula","max_overlap_m2_formula","max_overlap_pct_formula","overlap_pair_formula","stage_manual","features_manual","regions_manual","invalid_manual","has_offset_file_manual","nonzero_offsets_manual","mean_offset_m_manual","max_offset_m_manual","max_overlap_m2_manual","max_overlap_pct_manual","overlap_pair_manual","overlap_delta_pct","status"
"ak","formula",29,4,0,TRUE,0,0,0,7460786932.15,0.488144,"Northwest|Southeast","manual_offsets",29,4,0,TRUE,0,0,0,7460786932.15,0.488144,"Northwest|Southeast",0,"ok"
"al","formula",67,4,0,TRUE,0,0,0,0,0,"","manual_offsets",67,4,0,TRUE,0,0,0,0,0,"",0,"ok"
"ar","formula",75,4,0,TRUE,0,0,0,0,0,"","manual_offsets",75,4,0,TRUE,0,0,0,0,0,"",0,"ok"
"az","formula",80,3,0,TRUE,0,0,0,0,0,"","manual_offsets",80,3,0,TRUE,0,0,0,0,0,"",0,"ok"
"ca","formula",404,5,0,TRUE,5,61157,113916,11169468136.21,2.627046,"CentralValley|SoCal","manual_offsets",404,5,0,TRUE,5,61157,113916,675403101.8,0.158854,"BayArea|CentralValley",-2.468192,"ok"
"co","formula",209,3,0,TRUE,3,48612,96594,1689795307.84,0.626776,"East|Front Range & Mountains","manual_offsets",209,3,0,TRUE,3,48612,96594,0,0,"",-0.626776,"ok"
"ct","formula",8,3,0,TRUE,0,0,0,0,0,"","manual_offsets",8,3,0,TRUE,0,0,0,0,0,"",0,"ok"
"de","formula",3,3,0,TRUE,0,0,0,0,0,"","manual_offsets",3,3,0,TRUE,0,0,0,0,0,"",0,"ok"
"fl","formula",316,4,0,TRUE,2,28127,62430,4172170416.3,2.256268,"Central|South","manual_offsets",316,4,0,TRUE,2,28127,62430,0,0,"",-2.256268,"ok"
"ga","formula",586,5,0,TRUE,3,5519,10324,69220511.31,0.044944,"North|West","manual_offsets",586,5,0,TRUE,3,5519,10324,0,0,"",-0.044944,"ok"
"hi","formula",5,3,0,TRUE,0,0,0,0,0,"","manual_offsets",5,3,0,TRUE,0,0,0,0,0,"",0,"ok"
"ia","formula",99,4,0,TRUE,0,0,0,0,0,"","manual_offsets",99,4,0,TRUE,0,0,0,0,0,"",0,"ok"
"id","formula",44,3,0,TRUE,0,0,0,0,0,"","manual_offsets",44,3,0,TRUE,0,0,0,0,0,"",0,"ok"
"il","formula",1694,4,0,TRUE,3,10026,18803,122662018.04,0.084138,"CentralSouth|South","manual_offsets",1694,4,0,TRUE,3,10026,18803,0,0,"",-0.084138,"ok"
"in","formula",1010,4,0,TRUE,3,7733,13635,15219093.9,0.016251,"East|North","manual_offsets",1010,4,0,TRUE,3,7733,13635,0,0,"",-0.016251,"ok"
"ks","formula",105,3,0,TRUE,0,0,0,0,0,"","manual_offsets",105,3,0,TRUE,0,0,0,0,0,"",0,"ok"
"ky","formula",493,5,0,TRUE,5,30819,44527,669785593.37,0.63981,"Bluegrass|Central","manual_offsets",493,5,0,TRUE,5,30819,44527,0,0,"",-0.63981,"ok"
"la","formula",64,4,0,TRUE,0,0,0,0,0,"","manual_offsets",64,4,0,TRUE,0,0,0,0,0,"",0,"ok"
"ma","formula",351,4,0,TRUE,4,8588,16425,89003119.64,0.38135,"Northeast|Southeast","manual_offsets",351,4,0,TRUE,4,8588,16425,0,0,"",-0.38135,"ok"
"md","formula",24,3,2,TRUE,0,0,0,0,0,"","manual_offsets",24,3,2,TRUE,0,0,0,0,0,"",0,"ok"
"me","formula",16,3,0,TRUE,0,0,0,0,0,"","manual_offsets",16,3,0,TRUE,0,0,0,0,0,"",0,"ok"
"mi","formula",1540,4,0,TRUE,1,4573,18292,64546440.36,0.040509,"Northern|UpperPeninsula","manual_offsets",1540,4,0,TRUE,1,4573,18292,50985674.54,0.031999,"Metro|Northern",-0.00851,"ok"
"mn","formula",2756,4,0,TRUE,2,11917,36582,42026230.07,0.019221,"Central|South","manual_offsets",2756,4,0,TRUE,2,11917,36582,4479559733.8,2.048746,"Metro|North",2.029525,"needs_more_offset"
"mo","formula",1423,5,0,TRUE,4,17321,37739,1470678351.64,0.808919,"Central|South","manual_offsets",1423,5,0,TRUE,4,17321,37739,0,0,"",-0.808919,"ok"
"ms","formula",82,3,0,TRUE,0,0,0,0,0,"","manual_offsets",82,3,0,TRUE,0,0,0,0,0,"",0,"ok"
"mt","formula",56,3,0,TRUE,0,0,0,0,0,"","manual_offsets",56,3,0,TRUE,0,0,0,0,0,"",0,"ok"
"nc","formula",1041,3,0,TRUE,3,22044,36849,2964238575.17,2.125782,"Mountains|Piedmont","manual_offsets",1041,3,0,TRUE,3,22044,36849,0,0,"",-2.125782,"ok"
"nd","formula",1761,3,0,TRUE,3,21205,37282,3653387709.67,1.99674,"Central|East","manual_offsets",1761,3,0,TRUE,3,21205,37282,8551505.44,0.004674,"Central|West",-1.992066,"ok"
"ne","formula",93,3,0,TRUE,0,0,0,0,0,"","manual_offsets",93,3,0,TRUE,0,0,0,0,0,"",0,"ok"
"nh","formula",10,3,0,TRUE,0,0,0,0,0,"","manual_offsets",10,3,0,TRUE,0,0,0,0,0,"",0,"ok"
"nj","formula",564,3,0,TRUE,3,14331,19909,454150659.8,2.22981,"Central|North","manual_offsets",564,3,0,TRUE,3,14331,19909,0,0,"",-2.22981,"ok"
"nm","formula",33,3,1,TRUE,0,0,0,0,0,"","manual_offsets",33,3,1,TRUE,0,0,0,0,0,"",0,"ok"
"nv","formula",71,3,0,TRUE,0,0,0,0,0,"","manual_offsets",71,3,0,TRUE,0,0,0,0,0,"",0,"ok"
"ny","formula",1014,5,0,TRUE,4,20479,42387,2071417195.18,1.578258,"Central|West","manual_offsets",1014,5,0,TRUE,4,20479,42387,890594.56,0.000679,"Central|North",-1.577579,"ok"
"oh","formula",1602,5,0,TRUE,3,9215,22839,815239141.33,0.745166,"Central|Southwest","manual_offsets",1602,5,0,TRUE,3,9215,22839,25016913.18,0.022867,"Northeast|Southeast",-0.722299,"ok"
"ok","formula",77,4,0,TRUE,0,0,0,0,0,"","manual_offsets",77,4,0,TRUE,0,0,0,0,0,"",0,"ok"
"or","formula",212,4,0,TRUE,0,0,0,1334279.89,0.000523,"South|West","manual_offsets",212,4,0,TRUE,0,0,0,1334279.89,0.000523,"South|West",0,"ok"
"pa","formula",2572,6,0,TRUE,6,19847,29696,870149042.18,0.741599,"Central|Northeast","manual_offsets",2572,6,0,TRUE,6,19847,29696,0,0,"",-0.741599,"ok"
"ri","formula",5,3,0,TRUE,0,0,0,0,0,"","manual_offsets",5,3,0,TRUE,0,0,0,0,0,"",0,"ok"
"sc","formula",299,4,0,TRUE,2,15332,38094,841704898.36,1.015423,"Central|Northwest","manual_offsets",299,4,0,TRUE,2,15332,38094,0,0,"",-1.015423,"ok"
"sd","formula",66,3,0,TRUE,0,0,0,0,0,"","manual_offsets",66,3,0,TRUE,0,0,0,0,0,"",0,"ok"
"tn","formula",844,3,0,TRUE,2,16308,46223,3273625606.55,2.999703,"Middle|West","manual_offsets",844,3,0,TRUE,2,16308,46223,0,0,"",-2.999703,"ok"
"tx","formula",862,6,0,TRUE,5,37357,96274,4251879267.46,0.610562,"Central|NorthCentral","manual_offsets",862,6,0,TRUE,5,37357,96274,2560643.85,0.000368,"East|NorthCentral",-0.610194,"ok"
"ut","formula",93,4,0,TRUE,0,0,0,0,0,"","manual_offsets",93,4,0,TRUE,0,0,0,0,0,"",0,"ok"
"va","formula",582,5,0,TRUE,2,14486,64727,1438969928.78,1.246111,"Southwest|Tidewater","manual_offsets",582,5,0,TRUE,2,14486,64727,425833691.61,0.368761,"Northern|Valley",-0.87735,"ok"
"vt","formula",14,3,0,TRUE,0,0,0,0,0,"","manual_offsets",14,3,0,TRUE,0,0,0,0,0,"",0,"ok"
"wa","formula",242,4,0,TRUE,3,9426,16396,134275792.01,0.07267,"Central|East","manual_offsets",242,4,0,TRUE,3,9426,16396,10400792.08,0.005629,"South|West",-0.067041,"ok"
"wi","formula",72,4,0,TRUE,0,0,0,0,0,"","manual_offsets",72,4,0,TRUE,0,0,0,0,0,"",0,"ok"
"wv","formula",55,3,0,TRUE,0,0,0,27205908.6,0.043393,"Central|East","manual_offsets",55,3,0,TRUE,0,0,0,27205908.6,0.043393,"Central|East",0,"ok"
"wy","formula",23,3,0,TRUE,0,0,0,0,0,"","manual_offsets",23,3,0,TRUE,0,0,0,0,0,"",0,"ok"
